{"modelo": "SARIMAX_Expanding", "MAE": 125.87534315745287, "RMSE": 141.3679003833072, "MAPE": 23.432360267149356, "R2": 0.3331550334150951}